,pathogen,source,disease,tsource,ttype,portal,infection_atts,tatts,TBD
1,Burkholderia pseudomallei,Lama pacos,not curated,,,,infection_cvterm=is_reservoir;,,
2,Francisella tularensis subsp. holarctica,Castor canadensis,not curated,,,,infection_cvterm=is_reservoir;,,
3,Salmonella typhimurium DT104,Cervus elaphus canadensis,not curated,,,,infection_cvterm=is_reservoir;,,
4,Clostridium botulinum,sediment,not curated,,,,infection_cvterm=is_reservoir;,,
5,Burkholderia pseudomallei,Camelus dromedarius,not curated,,,,infection_cvterm=is_reservoir;,,
6,Clostridium botulinum C,Vulpes lagopus,not curated,,,,infection_cvterm=is_reservoir;,,
7,Coxiella burnetii,Ursus thibetanus,not curated,,,,infection_cvterm=is_reservoir;,,
8,Clostridium botulinum C,Pelecanus conspicillatus,not curated,,,,infection_cvterm=is_reservoir;,,
9,Salmonella enterica subsp. enterica serovar Typhimurium,Aves,not curated,,,,infection_cvterm=is_reservoir;,,
10,Coxiella burnetii,Peramelidae,not curated,,,,infection_cvterm=is_reservoir;,,
11,Coxiella burnetii,Ursidae,not curated,,,,infection_cvterm=is_reservoir;,,
12,Burkholderia pseudomallei,Ursidae,not curated,,,,infection_cvterm=is_reservoir;,,
13,Clostridium botulinum C,Ovis canadensis,not curated,,,,infection_cvterm=is_reservoir;,,
14,Coxiella burnetii,Aves,not curated,,,,infection_cvterm=is_reservoir;,,
15,Campylobacter jejuni,Aves,not curated,,,,infection_cvterm=is_reservoir;,,
16,Salmonella enterica subsp. enterica serovar Typhimurium,Aves,not curated,,,,infection_cvterm=is_reservoir;,,
17,Clostridium perfringens,Aves,not curated,,,,infection_cvterm=is_reservoir;,,
18,Listeria monocytogenes,Aves,not curated,,,,infection_cvterm=is_reservoir;,,
19,West Nile virus,Aves,not curated,,,,infection_cvterm=is_reservoir;,,
20,Influenza A virus,Aves,not curated,,,,infection_cvterm=is_reservoir;,,
21,Burkholderia pseudomallei,Aves,not curated,,,,infection_cvterm=is_reservoir;,,
22,Chlamydophila psittaci,Aves,not curated,,,,infection_cvterm=is_reservoir;,,
23,Salmonella typhimurium DT104,Aves,not curated,,,,infection_cvterm=is_reservoir;,,
24,H9N2 subtype,Aves,not curated,,,,infection_cvterm=is_reservoir;,,
25,H5N2 subtype,Aves,not curated,,,,infection_cvterm=is_reservoir;,,
26,Brucella abortus,Bison,not curated,,,,infection_cvterm=is_reservoir;,,
27,Yersinia pestis,Rattus rattus,not curated,,,,infection_cvterm=is_reservoir;,,
28,Campylobacter jejuni subsp. jejuni 260.94,Larus ridibundus,not curated,,,,infection_cvterm=is_reservoir;,,
29,Francisella tularensis subsp. holarctica,Cynomys ludovicianus,not curated,,,,infection_cvterm=is_reservoir;,,
30,Bacillus anthracis,bone meal,not curated,,,,infection_cvterm=is_reservoir;,,
31,Burkholderia pseudomallei,Tursiops truncatus,not curated,,,,infection_cvterm=is_reservoir;,,
32,Listeria monocytogenes,Syncerus caffer,not curated,,,,infection_cvterm=is_reservoir;,,
33,Listeria monocytogenes ATCC 19115,Syncerus,not curated,,,,infection_cvterm=is_reservoir;,,
34,Burkholderia pseudomallei,Zalophus californianus,not curated,,,,infection_cvterm=is_reservoir;,,
35,Coxiella burnetii,Camelus,not curated,,,,infection_cvterm=is_reservoir;,,
36,Clostridium perfringens,Camelus,not curated,,,,infection_cvterm=is_reservoir;,,
37,Clostridium perfringens A,Camelus,not curated,,,,infection_cvterm=is_reservoir;,,
38,Clostridium perfringens D,Camelus,not curated,,,,infection_cvterm=is_reservoir;,,
39,Clostridium perfringens A,Branta canadensis,not curated,,,,infection_cvterm=is_reservoir;,,
40,Clostridium perfringens,Felis catus,not curated,,,,infection_cvterm=is_reservoir;,,
41,Yersinia pestis,Felis catus,not curated,,,,infection_cvterm=is_reservoir;,,
42,Rickettsia felis,Ctenocephalides felis,not curated,,,,infection_cvterm=is_reservoir;,,
43,Campylobacter jejuni,Felis catus,not curated,,,,infection_cvterm=is_reservoir;,,
44,Burkholderia pseudomallei,Felis catus,not curated,,,,infection_cvterm=is_reservoir;,,
45,Francisella tularensis subsp. tularensis,Felis catus,not curated,,,,infection_cvterm=is_reservoir;,,
46,Campylobacter jejuni,Bos taurus,not curated,,,,infection_cvterm=is_reservoir;,,
47,Brucella abortus,Bos taurus,not curated,,,,infection_cvterm=is_reservoir;,,
48,Brucella abortus,Bos taurus,not curated,,,,infection_cvterm=is_reservoir;,,
49,Escherichia coli,Bos taurus,not curated,,,,infection_cvterm=is_reservoir;,,
50,Salmonella enterica subsp. enterica serovar Typhimurium,Bos taurus,not curated,,,,infection_cvterm=is_reservoir;,,
51,Coxiella burnetii,Bos taurus,not curated,,,,infection_cvterm=is_reservoir;,,
52,Staphylococcus aureus,Bos taurus,not curated,,,,infection_cvterm=is_reservoir;,,
53,Clostridium botulinum,Bos taurus,not curated,,,,infection_cvterm=is_reservoir;,,
54,Clostridium perfringens,Bos taurus,not curated,,,,infection_cvterm=is_reservoir;,,
55,Listeria monocytogenes,Bos taurus,not curated,,,,infection_cvterm=is_reservoir;,,
56,Burkholderia pseudomallei,Bos taurus,not curated,,,,infection_cvterm=is_reservoir;,,
57,Brucella melitensis,Bos taurus,not curated,,,,infection_cvterm=is_reservoir;,,
58,Clostridium botulinum B,Bos taurus,not curated,,,,infection_cvterm=is_reservoir;,,
59,Clostridium botulinum C,Bos taurus,not curated,,,,infection_cvterm=is_reservoir;,,
60,Clostridium botulinum D,Bos taurus,not curated,,,,infection_cvterm=is_reservoir;,,
61,Clostridium perfringens A,Bos taurus,not curated,,,,infection_cvterm=is_reservoir;,,
62,Clostridium perfringens C,Bos taurus,not curated,,,,infection_cvterm=is_reservoir;,,
63,Salmonella typhimurium DT104,Bos taurus,not curated,,,,infection_cvterm=is_reservoir;,,
64,Clostridium perfringens D,Bos taurus,not curated,,,,infection_cvterm=is_reservoir;,,
65,Bacillus anthracis str. 'Ames Ancestor',Bos taurus,not curated,,,,infection_cvterm=is_reservoir;,,
66,Staphylococcus aureus RF122,Bos taurus,not curated,,,,infection_cvterm=is_reservoir;,,
67,Coxiella burnetii,Gallus gallus,not curated,,,,infection_cvterm=is_reservoir;,,
68,Staphylococcus aureus,Gallus gallus,not curated,,,,infection_cvterm=is_reservoir;,,
69,Listeria monocytogenes,Gallus gallus,not curated,,,,infection_cvterm=is_reservoir;,,
70,Clostridium botulinum C,Gallus gallus,not curated,,,,infection_cvterm=is_reservoir;,,
71,Clostridium perfringens A,Gallus gallus,not curated,,,,infection_cvterm=is_reservoir;,,
72,Clostridium perfringens C,Gallus gallus,not curated,,,,infection_cvterm=is_reservoir;,,
73,H5N1 subtype,Gallus gallus,not curated,,,,infection_cvterm=is_reservoir;,,
74,H6N2 subtype,Gallus gallus,not curated,,,,infection_cvterm=is_reservoir;,,
75,H7N2 subtype,Gallus gallus,not curated,,,,infection_cvterm=is_reservoir;,,
76,H7N3 subtype,Gallus gallus,not curated,,,,infection_cvterm=is_reservoir;,,
77,H7N1 subtype,Gallus gallus,not curated,,,,infection_cvterm=is_reservoir;,,
78,H7N8 subtype,Gallus gallus,not curated,,,,infection_cvterm=is_reservoir;,,
79,H7N7 subtype,Gallus gallus,not curated,,,,infection_cvterm=is_reservoir;,,
80,H5N2 subtype,Gallus gallus,not curated,,,,infection_cvterm=is_reservoir;,,
81,H5N3 subtype,Gallus gallus,not curated,,,,infection_cvterm=is_reservoir;,,
82,H4N8 subtype,Gallus gallus,not curated,,,,infection_cvterm=is_reservoir;,,
83,H5N9 subtype,Gallus gallus,not curated,,,,infection_cvterm=is_reservoir;,,
84,Influenzavirus A,Gallus gallus,not curated,,,,infection_cvterm=is_reservoir;,,
85,H5N8 subtype,Gallus gallus,not curated,,,,infection_cvterm=is_reservoir;,,
86,H7N4 subtype,Gallus gallus,not curated,,,,infection_cvterm=is_reservoir;,,
87,Campylobacter jejuni,Gallus gallus,not curated,,,,infection_cvterm=is_reservoir;,,
88,Salmonella typhimurium DT104,Tamias,not curated,,,,infection_cvterm=is_reservoir;,,
89,Yersinia pestis,Tamias,not curated,,,,infection_cvterm=is_reservoir;,,
90,Vibrio cholerae,coastal water,not curated,,,,infection_cvterm=is_reservoir;,,
91,Burkholderia pseudomallei,Cacatuidae,not curated,,,,infection_cvterm=is_reservoir;,,
92,Listeria monocytogenes,Colobus sp.,not curated,,,,infection_cvterm=is_reservoir;,,
93,Coxiella burnetii,Coturnix coturnix,not curated,,,,infection_cvterm=is_reservoir;,,
94,Salmonella enterica subsp. enterica serovar Typhimurium,Carduelis flammea,not curated,,,,infection_cvterm=is_reservoir;,,
95,Campylobacter jejuni,Gruidae,not curated,,,,infection_cvterm=is_reservoir;,,
96,Burkholderia pseudomallei,Crocodylinae,not curated,,,,infection_cvterm=is_reservoir;,,
97,Campylobacter jejuni,Corvus,not curated,,,,infection_cvterm=is_reservoir;,,
98,Coxiella burnetii,Cervidae,not curated,,,,infection_cvterm=is_reservoir;,,
99,Listeria monocytogenes,Cervidae,not curated,,,,infection_cvterm=is_reservoir;,,
100,Burkholderia pseudomallei,Cervidae,not curated,,,,infection_cvterm=is_reservoir;,,
101,Sin Nombre virus,Peromyscus maniculatus,not curated,,,,infection_cvterm=is_reservoir;,,
102,Yersinia pestis,Peromyscus maniculatus,not curated,,,,infection_cvterm=is_reservoir;,,
103,Vibrio cholerae,Diptera,not curated,,,,infection_cvterm=is_reservoir;,,
104,Yersinia pestis,Canis lupus familiaris,not curated,,,,infection_cvterm=is_reservoir;,,
105,Coxiella burnetii,Canis lupus familiaris,not curated,,,,infection_cvterm=is_reservoir;,,
106,Rickettsia conorii,Canis lupus familiaris,not curated,,,,infection_cvterm=is_reservoir;,,
107,Rickettsia rickettsii,Canis lupus familiaris,not curated,,,,infection_cvterm=is_reservoir;,,
108,Staphylococcus aureus,Canis lupus familiaris,not curated,,,,infection_cvterm=is_reservoir;,,
109,Clostridium perfringens,Canis lupus familiaris,not curated,,,,infection_cvterm=is_reservoir;,,
110,Clostridium perfringens A,Canis lupus familiaris,not curated,,,,infection_cvterm=is_reservoir;,,
111,Clostridium perfringens C,Canis lupus familiaris,not curated,,,,infection_cvterm=is_reservoir;,,
112,Salmonella typhimurium DT104,Canis lupus familiaris,not curated,,,,infection_cvterm=is_reservoir;,,
113,Campylobacter jejuni,Canis lupus familiaris,not curated,,,,infection_cvterm=is_reservoir;,,
114,Listeria monocytogenes,Canis lupus familiaris,not curated,,,,infection_cvterm=is_reservoir;,,
115,Burkholderia pseudomallei,Canis lupus familiaris,not curated,,,,infection_cvterm=is_reservoir;,,
116,Brucella canis,Canis lupus familiaris,not curated,,,,infection_cvterm=is_reservoir;,,
117,Burkholderia pseudomallei,Coryphaenidae,not curated,,,,infection_cvterm=is_reservoir;,,
118,Campylobacter jejuni,Aves,not curated,,,,infection_cvterm=is_reservoir;,,
119,Coxiella burnetii,Felis catus,not curated,,,,infection_cvterm=is_reservoir;,,
120,Staphylococcus aureus,Felis catus,not curated,,,,infection_cvterm=is_reservoir;,,
121,Salmonella typhimurium DT104,Felis catus,not curated,,,,infection_cvterm=is_reservoir;,,
122,H5N1 subtype,Felis catus,not curated,,,,infection_cvterm=is_reservoir;,,
123,Clostridium botulinum C,Mustela putorius furo,not curated,,,,infection_cvterm=is_reservoir;,,
124,Yersinia pestis,Rattus norvegicus,not curated,,,,infection_cvterm=is_reservoir;,,
125,Coxiella burnetii,Anas,not curated,,,,infection_cvterm=is_reservoir;,,
126,Campylobacter jejuni,Anas,not curated,,,,infection_cvterm=is_reservoir;,,
127,Listeria monocytogenes,Anas,not curated,,,,infection_cvterm=is_reservoir;,,
128,Clostridium perfringens A,Anas,not curated,,,,infection_cvterm=is_reservoir;,,
129,H5N1 subtype,Anas,not curated,,,,infection_cvterm=is_reservoir;,,
130,Listeria monocytogenes,Accipitridae,not curated,,,,infection_cvterm=is_reservoir;,,
131,Salmonella enterica subsp. enterica serovar Enteritidis,egg,not curated,,,,infection_cvterm=is_reservoir;,,
132,Brucella abortus,Cervus elaphus canadensis,not curated,,,,infection_cvterm=is_reservoir;,,
133,Salmonella typhimurium DT104,Dromaius novaehollandiae,not curated,,,,infection_cvterm=is_reservoir;,,
134,Vibrio cholerae,estuary,not curated,,,,infection_cvterm=is_reservoir;,,
135,Salmonella enterica subsp. enterica serovar Typhimurium,Pyrrhula pyrrhula,not curated,,,,infection_cvterm=is_reservoir;,,
136,Salmonella enterica subsp. enterica serovar Typhimurium,Carduelis spinus,not curated,,,,infection_cvterm=is_reservoir;,,
137,Salmonella enterica subsp. enterica serovar Typhimurium,Carduelis chloris,not curated,,,,infection_cvterm=is_reservoir;,,
138,Francisella tularensis subsp. holarctica,Arvicola terrestris,not curated,,,,infection_cvterm=is_reservoir;,,
139,Burkholderia pseudomallei,Dama dama,not curated,,,,infection_cvterm=is_reservoir;,,
140,Burkholderia pseudomallei,Pseudorca crassidens,not curated,,,,infection_cvterm=is_reservoir;,,
141,Listeria monocytogenes,Actinopterygii,not curated,,,,infection_cvterm=is_reservoir;,,
142,Rickettsia prowazekii,Pteromyini,not curated,,,,infection_cvterm=is_reservoir;,,
143,Listeria monocytogenes,Vulpes,not curated,,,,infection_cvterm=is_reservoir;,,
144,Clostridium botulinum C,Vulpes,not curated,,,,infection_cvterm=is_reservoir;,,
145,Burkholderia pseudomallei,Eolophus roseicapillus,not curated,,,,infection_cvterm=is_reservoir;,,
146,Campylobacter jejuni,Anser sp.,not curated,,,,infection_cvterm=is_reservoir;,,
147,Listeria monocytogenes,Anser sp.,not curated,,,,infection_cvterm=is_reservoir;,,
148,Yersinia pestis,Gerbillinae,not curated,,,,infection_cvterm=is_reservoir;,,
149,Burkholderia pseudomallei,Hylobates sp.,not curated,,,,infection_cvterm=is_reservoir;,,
150,Campylobacter jejuni,Capra hircus,not curated,,,,infection_cvterm=is_reservoir;,,
151,Listeria monocytogenes,Capra hircus,not curated,,,,infection_cvterm=is_reservoir;,,
152,Burkholderia pseudomallei,Capra hircus,not curated,,,,infection_cvterm=is_reservoir;,,
153,Clostridium botulinum D,Capra hircus,not curated,,,,infection_cvterm=is_reservoir;,,
154,Clostridium perfringens C,Capra hircus,not curated,,,,infection_cvterm=is_reservoir;,,
155,Salmonella typhimurium DT104,Capra hircus,not curated,,,,infection_cvterm=is_reservoir;,,
156,Clostridium perfringens D,Capra hircus,not curated,,,,infection_cvterm=is_reservoir;,,
157,Coxiella burnetii,Capra hircus,not curated,,,,infection_cvterm=is_reservoir;,,
158,Brucella melitensis,Capra hircus,not curated,,,,infection_cvterm=is_reservoir;,,
159,Listeria monocytogenes,Urocyon cinereoargenteus,not curated,,,,infection_cvterm=is_reservoir;,,
160,Coxiella burnetii,Myodes rufocanus,not curated,,,,infection_cvterm=is_reservoir;,,
161,Burkholderia pseudomallei,Halichoerus grypus,not curated,,,,infection_cvterm=is_reservoir;,,
162,Salmonella typhimurium DT104,Halichoerus grypus,not curated,,,,infection_cvterm=is_reservoir;,,
163,Clostridium botulinum C,Halichoerus grypus,not curated,,,,infection_cvterm=is_reservoir;,,
164,Salmonella typhimurium DT104,Spermophilus,not curated,,,,infection_cvterm=is_reservoir;,,
165,Listeria monocytogenes,Cavia porcellus,not curated,,,,infection_cvterm=is_reservoir;,,
166,Bacillus anthracis,hair,not curated,,,,infection_cvterm=is_reservoir;,,
167,H4N6 subtype,Phoca vitulina,not curated,,,,infection_cvterm=is_reservoir;,,
168,Influenzavirus B,Phoca vitulina,not curated,,,,infection_cvterm=is_reservoir;,,
169,H3N3 subtype,Phoca vitulina,not curated,,,,infection_cvterm=is_reservoir;,,
170,H4N5 subtype,Phoca vitulina,not curated,,,,infection_cvterm=is_reservoir;,,
171,Francisella tularensis,Lepus,not curated,,,,infection_cvterm=is_reservoir;,,
172,Coxiella burnetii,Lepus,not curated,,,,infection_cvterm=is_reservoir;,,
173,Listeria monocytogenes,Lepus,not curated,,,,infection_cvterm=is_reservoir;,,
174,Salmonella typhimurium DT104,Erinaceidae,not curated,,,,infection_cvterm=is_reservoir;,,
175,Bacillus anthracis,hide,not curated,,,,infection_cvterm=is_reservoir;,,
176,Coxiella burnetii,Cervus nippon yesoensis,not curated,,,,infection_cvterm=is_reservoir;,,
177,Coxiella burnetii,Equus caballus,not curated,,,,infection_cvterm=is_reservoir;,,
178,Staphylococcus aureus,Equus caballus,not curated,,,,infection_cvterm=is_reservoir;,,
179,Clostridium botulinum,Equus caballus,not curated,,,,infection_cvterm=is_reservoir;,,
180,Listeria monocytogenes,Equus caballus,not curated,,,,infection_cvterm=is_reservoir;,,
181,Burkholderia pseudomallei,Equus caballus,not curated,,,,infection_cvterm=is_reservoir;,,
182,Clostridium botulinum B,Equus caballus,not curated,,,,infection_cvterm=is_reservoir;,,
183,Clostridium botulinum C,Equus caballus,not curated,,,,infection_cvterm=is_reservoir;,,
184,Clostridium perfringens A,Equus caballus,not curated,,,,infection_cvterm=is_reservoir;,,
185,Clostridium perfringens D,Equus caballus,not curated,,,,infection_cvterm=is_reservoir;,,
186,H3N8 subtype,Equus caballus,not curated,,,,infection_cvterm=is_reservoir;,,
187,H7N7 subtype,Equus caballus,not curated,,,,infection_cvterm=is_reservoir;,,
188,Listeria monocytogenes str. 1/2a F6854,Equus caballus,not curated,,,,infection_cvterm=is_reservoir;,,
189,Salmonella typhimurium DT104,Equus caballus,not curated,,,,infection_cvterm=is_reservoir;,,
190,Francisella tularensis subsp. holarctica,Mus musculus,not curated,,,,infection_cvterm=is_reservoir;,,
191,Campylobacter jejuni,Homo sapiens,not curated,,,,infection_cvterm=is_reservoir;,,
192,Francisella tularensis,Homo sapiens,not curated,,,,infection_cvterm=is_reservoir;,,
193,Francisella tularensis,Homo sapiens,not curated,,,,infection_cvterm=is_reservoir;,,
194,Francisella novicida,Homo sapiens,not curated,,,,infection_cvterm=is_reservoir;,,
195,Salmonella enterica,Homo sapiens,not curated,,,,infection_cvterm=is_reservoir;,,
196,Salmonella enterica subsp. enterica serovar Typhi,Homo sapiens,not curated,,,,infection_cvterm=is_reservoir;,,
197,Salmonella enterica subsp. enterica serovar Typhimurium,Homo sapiens,not curated,,,,infection_cvterm=is_reservoir;,,
198,Shigella dysenteriae,Homo sapiens,not curated,,,,infection_cvterm=is_reservoir;,,
199,Shigella sonnei,Homo sapiens,not curated,,,,infection_cvterm=is_reservoir;,,
200,Yersinia pestis,Homo sapiens,not curated,,,,infection_cvterm=is_reservoir;,,
201,Vibrio cholerae,Homo sapiens,not curated,,,,infection_cvterm=is_reservoir;,,
202,Vibrio cholerae O1 biovar eltor,Homo sapiens,not curated,,,,infection_cvterm=is_reservoir;,,
203,Coxiella burnetii,Homo sapiens,not curated,,,,infection_cvterm=is_reservoir;,,
204,Rickettsia prowazekii,Homo sapiens,not curated,,,,infection_cvterm=is_reservoir;,,
205,Staphylococcus aureus,Homo sapiens,not curated,,,,infection_cvterm=is_reservoir;,,
206,Staphylococcus aureus,Homo sapiens,not curated,,,,infection_cvterm=is_reservoir;,,
207,Clostridium botulinum,Homo sapiens,not curated,,,,infection_cvterm=is_reservoir;,,
208,Clostridium perfringens,Homo sapiens,not curated,,,,infection_cvterm=is_reservoir;,,
209,Listeria monocytogenes,Homo sapiens,not curated,,,,infection_cvterm=is_reservoir;,,
210,Mycobacterium tuberculosis,Homo sapiens,not curated,,,,infection_cvterm=is_reservoir;,,
211,Influenza A virus,Homo sapiens,not curated,,,,infection_cvterm=is_reservoir;,,
212,Influenza C virus,Homo sapiens,not curated,,,,infection_cvterm=is_reservoir;,,
213,Burkholderia pseudomallei,Homo sapiens,not curated,,,,infection_cvterm=is_reservoir;,,
214,Campylobacter jejuni subsp. doylei,Homo sapiens,not curated,,,,infection_cvterm=is_reservoir;,,
215,Campylobacter jejuni subsp. jejuni,Homo sapiens,not curated,,,,infection_cvterm=is_reservoir;,,
216,Clostridium botulinum A,Homo sapiens,not curated,,,,infection_cvterm=is_reservoir;,,
217,Clostridium botulinum B,Homo sapiens,not curated,,,,infection_cvterm=is_reservoir;,,
218,Clostridium botulinum C,Homo sapiens,not curated,,,,infection_cvterm=is_reservoir;,,
219,Clostridium botulinum E,Homo sapiens,not curated,,,,infection_cvterm=is_reservoir;,,
220,Clostridium botulinum F,Homo sapiens,not curated,,,,infection_cvterm=is_reservoir;,,
221,Clostridium perfringens A,Homo sapiens,not curated,,,,infection_cvterm=is_reservoir;,,
222,Vibrio cholerae 569B,Homo sapiens,not curated,,,,infection_cvterm=is_reservoir;,,
223,Vibrio cholerae O139,Homo sapiens,not curated,,,,infection_cvterm=is_reservoir;,,
224,Vibrio cholerae non-O1,Homo sapiens,not curated,,,,infection_cvterm=is_reservoir;,,
225,Clostridium perfringens C,Homo sapiens,not curated,,,,infection_cvterm=is_reservoir;,,
226,Salmonella typhimurium DT104,Homo sapiens,not curated,,,,infection_cvterm=is_reservoir;,,
227,Staphylococcus aureus subsp. aureus COL,Homo sapiens,not curated,,,,infection_cvterm=is_reservoir;,,
228,Burkholderia pseudomallei (Ara+ biotype),Homo sapiens,not curated,,,,infection_cvterm=is_reservoir;,,
229,H5N1 subtype,Homo sapiens,not curated,,,,infection_cvterm=is_reservoir;,,
230,H9N2 subtype,Homo sapiens,not curated,,,,infection_cvterm=is_reservoir;,,
231,H1N1 subtype,Homo sapiens,not curated,,,,infection_cvterm=is_reservoir;,,
232,H1N2 subtype,Homo sapiens,not curated,,,,infection_cvterm=is_reservoir;,,
233,H2N2 subtype,Homo sapiens,not curated,,,,infection_cvterm=is_reservoir;,,
234,H3N2 subtype,Homo sapiens,not curated,,,,infection_cvterm=is_reservoir;,,
235,H7N2 subtype,Homo sapiens,not curated,,,,infection_cvterm=is_reservoir;,,
236,H7N3 subtype,Homo sapiens,not curated,,,,infection_cvterm=is_reservoir;,,
237,H7N7 subtype,Homo sapiens,not curated,,,,infection_cvterm=is_reservoir;,,
238,Francisella tularensis subsp. tularensis,Homo sapiens,not curated,,,,infection_cvterm=is_reservoir;,,
239,Francisella tularensis subsp. holarctica,Homo sapiens,not curated,,,,infection_cvterm=is_reservoir;,,
240,Vibrio cholerae O1,Homo sapiens,not curated,,,,infection_cvterm=is_reservoir;,,
241,Francisella tularensis subsp. mediasiatica,Homo sapiens,not curated,,,,infection_cvterm=is_reservoir;,,
242,Vibrio cholerae non-O1/non-O139,Homo sapiens,not curated,,,,infection_cvterm=is_reservoir;,,
243,Staphylococcus aureus subsp. aureus Mu50,Homo sapiens,not curated,,,,infection_cvterm=is_reservoir;,,
244,Staphylococcus aureus subsp. aureus N315,Homo sapiens,not curated,,,,infection_cvterm=is_reservoir;,,
245,Listeria monocytogenes EGD-e,Homo sapiens,not curated,,,,infection_cvterm=is_reservoir;,,
246,Listeria monocytogenes ATCC 19115,Homo sapiens,not curated,,,,infection_cvterm=is_reservoir;,,
247,Vibrio cholerae O37,Homo sapiens,not curated,,,,infection_cvterm=is_reservoir;,,
248,Yersinia pestis KIM,Homo sapiens,not curated,,,,infection_cvterm=is_reservoir;,,
249,Campylobacter jejuni subsp. jejuni NCTC 11168,Homo sapiens,not curated,,,,infection_cvterm=is_reservoir;,,
250,Campylobacter jejuni RM1221,Homo sapiens,not curated,,,,infection_cvterm=is_reservoir;,,
251,Staphylococcus aureus subsp. aureus MW2,Homo sapiens,not curated,,,,infection_cvterm=is_reservoir;,,
252,Influenzavirus A,Homo sapiens,not curated,,,,infection_cvterm=is_reservoir;,,
253,Influenzavirus B,Homo sapiens,not curated,,,,infection_cvterm=is_reservoir;,,
254,Yersinia pestis CO92,Homo sapiens,not curated,,,,infection_cvterm=is_reservoir;,,
255,Coxiella burnetii RSA 493,Homo sapiens,not curated,,,,infection_cvterm=is_reservoir;,,
256,Vibrio cholerae O1 biovar eltor str. N16961,Homo sapiens,not curated,,,,infection_cvterm=is_reservoir;,,
257,Listeria monocytogenes str. 4b F2365,Homo sapiens,not curated,,,,infection_cvterm=is_reservoir;,,
258,Listeria monocytogenes str. 1/2a F6854,Homo sapiens,not curated,,,,infection_cvterm=is_reservoir;,,
259,Listeria monocytogenes str. 4b H7858,Homo sapiens,not curated,,,,infection_cvterm=is_reservoir;,,
260,Staphylococcus aureus subsp. aureus MRSA252,Homo sapiens,not curated,,,,infection_cvterm=is_reservoir;,,
261,Staphylococcus aureus subsp. aureus MSSA476,Homo sapiens,not curated,,,,infection_cvterm=is_reservoir;,,
262,Vibrio cholerae MO10,Homo sapiens,not curated,,,,infection_cvterm=is_reservoir;,,
263,Vibrio cholerae O395,Homo sapiens,not curated,,,,infection_cvterm=is_reservoir;,,
264,Vibrio cholerae RC385,Homo sapiens,not curated,,,,infection_cvterm=is_reservoir;,,
265,Yersinia pestis Angola,Homo sapiens,not curated,,,,infection_cvterm=is_reservoir;,,
266,Campylobacter jejuni subsp. jejuni 81-176,Homo sapiens,not curated,,,,infection_cvterm=is_reservoir;,,
267,Staphylococcus aureus subsp. aureus JH9,Homo sapiens,not curated,,,,infection_cvterm=is_reservoir;,,
268,Staphylococcus aureus subsp. aureus JH1,Homo sapiens,not curated,,,,infection_cvterm=is_reservoir;,,
269,Campylobacter jejuni subsp. jejuni 260.94,Homo sapiens,not curated,,,,infection_cvterm=is_reservoir;,,
270,Campylobacter jejuni subsp. jejuni 84-25,Homo sapiens,not curated,,,,infection_cvterm=is_reservoir;,,
271,Campylobacter jejuni subsp. jejuni CF93-6,Homo sapiens,not curated,,,,infection_cvterm=is_reservoir;,,
272,Campylobacter jejuni subsp. jejuni HB93-13,Homo sapiens,not curated,,,,infection_cvterm=is_reservoir;,,
273,Staphylococcus aureus subsp. aureus USA300,Homo sapiens,not curated,,,,infection_cvterm=is_reservoir;,,
274,Escherichia coli,intestine,not curated,,,,infection_cvterm=is_reservoir;,,
275,Coxiella burnetii,Coturnix japonica,not curated,,,,infection_cvterm=is_reservoir;,,
276,Clostridium perfringens A,Corvus macrorhynchos,not curated,,,,infection_cvterm=is_reservoir;,,
277,Coxiella burnetii,Macropus sp.,not curated,,,,infection_cvterm=is_reservoir;,,
278,Burkholderia pseudomallei,Macropus sp.,not curated,,,,infection_cvterm=is_reservoir;,,
279,Burkholderia pseudomallei,Orcinus orca,not curated,,,,infection_cvterm=is_reservoir;,,
280,Burkholderia pseudomallei,Phascolarctos cinereus,not curated,,,,infection_cvterm=is_reservoir;,,
281,Coxiella burnetii,Lagomorpha,not curated,,,,infection_cvterm=is_reservoir;,,
282,Coxiella burnetii,Apodemus speciosus,not curated,,,,infection_cvterm=is_reservoir;,,
283,H5N1 subtype,Panthera pardus,not curated,,,,infection_cvterm=is_reservoir;,,
284,Clostridium botulinum C,Panthera leo,not curated,,,,infection_cvterm=is_reservoir;,,
285,Salmonella enterica,Bos taurus,not curated,,,,infection_cvterm=is_reservoir;,,
286,Listeria monocytogenes,Lama glama,not curated,,,,infection_cvterm=is_reservoir;,,
287,Clostridium botulinum E,Gaviidae,not curated,,,,infection_cvterm=is_reservoir;,,
288,Burkholderia pseudomallei,Trichoglossus haematodus,not curated,,,,infection_cvterm=is_reservoir;,,
289,Clostridium botulinum C,Anas platyrhynchos,not curated,,,,infection_cvterm=is_reservoir;,,
290,Yersinia pestis,Marmota,not curated,,,,infection_cvterm=is_reservoir;,,
291,Francisella tularensis,Mus musculus,not curated,,,,infection_cvterm=is_reservoir;,,
292,Coxiella burnetii,Mus musculus,not curated,,,,infection_cvterm=is_reservoir;,,
293,Listeria monocytogenes,Mus musculus,not curated,,,,infection_cvterm=is_reservoir;,,
294,Salmonella typhimurium DT104,Mus musculus,not curated,,,,infection_cvterm=is_reservoir;,,
295,Listeria monocytogenes,Mustela sp.,not curated,,,,infection_cvterm=is_reservoir;,,
296,Influenza A virus,Mustela sp.,not curated,,,,infection_cvterm=is_reservoir;,,
297,Clostridium botulinum C,Mustela sp.,not curated,,,,infection_cvterm=is_reservoir;,,
298,Clostridium perfringens A,Mustela sp.,not curated,,,,infection_cvterm=is_reservoir;,,
299,Campylobacter jejuni,Haplorrhini,not curated,,,,infection_cvterm=is_reservoir;,,
300,Coxiella burnetii,Haplorrhini,not curated,,,,infection_cvterm=is_reservoir;,,
301,Burkholderia pseudomallei,Haplorrhini,not curated,,,,infection_cvterm=is_reservoir;,,
302,Burkholderia pseudomallei,Ovis aries musimon,not curated,,,,infection_cvterm=is_reservoir;,,
303,Francisella tularensis,Ondatra zibethicus,not curated,,,,infection_cvterm=is_reservoir;,,
304,Clostridium perfringens A,Ondatra zibethicus,not curated,,,,infection_cvterm=is_reservoir;,,
305,Francisella tularensis subsp. holarctica,Ondatra zibethicus,not curated,,,,infection_cvterm=is_reservoir;,,
306,Coxiella burnetii,Myocastor coypus,not curated,,,,infection_cvterm=is_reservoir;,,
307,Burkholderia pseudomallei,Oryx,not curated,,,,infection_cvterm=is_reservoir;,,
308,Campylobacter jejuni,Struthio camelus,not curated,,,,infection_cvterm=is_reservoir;,,
309,Clostridium perfringens,Struthio camelus,not curated,,,,infection_cvterm=is_reservoir;,,
310,Burkholderia pseudomallei,Lagenorhynchus obliquidens,not curated,,,,infection_cvterm=is_reservoir;,,
311,Burkholderia pseudomallei,Ailuropoda melanoleuca,not curated,,,,infection_cvterm=is_reservoir;,,
312,Staphylococcus aureus,Psittacidae,not curated,,,,infection_cvterm=is_reservoir;,,
313,Burkholderia pseudomallei,Psittacidae,not curated,,,,infection_cvterm=is_reservoir;,,
314,Burkholderia pseudomallei,Spheniscidae,not curated,,,,infection_cvterm=is_reservoir;,,
315,Campylobacter jejuni,Phasianidae gen. sp.,not curated,,,,infection_cvterm=is_reservoir;,,
316,Campylobacter jejuni,Sus scrofa,not curated,,,,infection_cvterm=is_reservoir;,,
317,Salmonella enterica,Sus scrofa,not curated,,,,infection_cvterm=is_reservoir;,,
318,Brucella suis,Sus scrofa,not curated,,,,infection_cvterm=is_reservoir;,,
319,H1N1 subtype,Sus scrofa,not curated,,,,infection_cvterm=is_reservoir;,,
320,H1N2 subtype,Sus scrofa,not curated,,,,infection_cvterm=is_reservoir;,,
321,H3N2 subtype,Sus scrofa,not curated,,,,infection_cvterm=is_reservoir;,,
322,Coxiella burnetii,Columba livia,not curated,,,,infection_cvterm=is_reservoir;,,
323,Coxiella burnetii,Sus scrofa,not curated,,,,infection_cvterm=is_reservoir;,,
324,Staphylococcus aureus,Sus scrofa,not curated,,,,infection_cvterm=is_reservoir;,,
325,Listeria monocytogenes,Sus scrofa,not curated,,,,infection_cvterm=is_reservoir;,,
326,Influenza C virus,Sus scrofa,not curated,,,,infection_cvterm=is_reservoir;,,
327,Burkholderia pseudomallei,Sus scrofa,not curated,,,,infection_cvterm=is_reservoir;,,
328,Burkholderia pseudomallei,Sus scrofa,not curated,,,,infection_cvterm=is_reservoir;,,
329,Clostridium perfringens A,Sus scrofa,not curated,,,,infection_cvterm=is_reservoir;,,
330,Clostridium perfringens C,Sus scrofa,not curated,,,,infection_cvterm=is_reservoir;,,
331,Salmonella typhimurium DT104,Sus scrofa,not curated,,,,infection_cvterm=is_reservoir;,,
332,H9N2 subtype,Sus scrofa,not curated,,,,infection_cvterm=is_reservoir;,,
333,H4N6 subtype,Sus scrofa,not curated,,,,infection_cvterm=is_reservoir;,,
334,H7N7 subtype,Sus scrofa,not curated,,,,infection_cvterm=is_reservoir;,,
335,Burkholderia pseudomallei,Phocoenidae,not curated,,,,infection_cvterm=is_reservoir;,,
336,Campylobacter jejuni,Gallus gallus,not curated,,,,infection_cvterm=is_reservoir;,,
337,Salmonella enterica subsp. enterica serovar Enteritidis,Gallus gallus,not curated,,,,infection_cvterm=is_reservoir;,,
338,Salmonella enterica,Gallus gallus,not curated,,,,infection_cvterm=is_reservoir;,,
339,Yersinia pestis,Cynomys,not curated,,,,infection_cvterm=is_reservoir;,,
340,Listeria monocytogenes str. 1/2a F6854,Puma concolor,not curated,,,,infection_cvterm=is_reservoir;,,
341,Yersinia pestis,Oryctolagus cuniculus,not curated,,,,infection_cvterm=is_reservoir;,,
342,Coxiella burnetii,Oryctolagus cuniculus,not curated,,,,infection_cvterm=is_reservoir;,,
343,Staphylococcus aureus,Oryctolagus cuniculus,not curated,,,,infection_cvterm=is_reservoir;,,
344,Clostridium perfringens,Oryctolagus cuniculus,not curated,,,,infection_cvterm=is_reservoir;,,
345,Listeria monocytogenes,Oryctolagus cuniculus,not curated,,,,infection_cvterm=is_reservoir;,,
346,Francisella tularensis,Oryctolagus cuniculus,not curated,,,,infection_cvterm=is_reservoir;,,
347,Escherichia coli,Oryctolagus cuniculus,not curated,,,,infection_cvterm=is_reservoir;,,
348,Francisella tularensis subsp. tularensis,Oryctolagus cuniculus,not curated,,,,infection_cvterm=is_reservoir;,,
349,Salmonella typhimurium DT104,Procyon lotor,not curated,,,,infection_cvterm=is_reservoir;,,
350,Listeria monocytogenes,Nyctereutes procyonoides,not curated,,,,infection_cvterm=is_reservoir;,,
351,Listeria monocytogenes,Procyon lotor,not curated,,,,infection_cvterm=is_reservoir;,,
352,Burkholderia pseudomallei,Rattus,not curated,,,,infection_cvterm=is_reservoir;,,
353,Coxiella burnetii,Rattus,not curated,,,,infection_cvterm=is_reservoir;,,
354,Listeria monocytogenes,Rattus,not curated,,,,infection_cvterm=is_reservoir;,,
355,Salmonella enterica subsp. enterica serovar Typhimurium,Cervus elaphus,not curated,,,,infection_cvterm=is_reservoir;,,
356,Clostridium perfringens,Cervus elaphus,not curated,,,,infection_cvterm=is_reservoir;,,
357,Listeria monocytogenes,Rangifer tarandus,not curated,,,,infection_cvterm=is_reservoir;,,
358,Salmonella enterica,Sauropsida,not curated,,,,infection_cvterm=is_reservoir;,,
359,Vibrio cholerae,river,not curated,,,,infection_cvterm=is_reservoir;,,
360,Yersinia pestis,Spermophilus variegatus,not curated,,,,infection_cvterm=is_reservoir;,,
361,Salmonella enterica subsp. enterica serovar Enteritidis,Rodentia,not curated,,,,infection_cvterm=is_reservoir;,,
362,Rickettsia conorii,Rodentia,not curated,,,,infection_cvterm=is_reservoir;,,
363,Rickettsia rickettsii,Rodentia,not curated,,,,infection_cvterm=is_reservoir;,,
364,Yersinia pestis,Rodentia,not curated,,,,infection_cvterm=is_reservoir;,,
365,Coxiella burnetii,Rodentia,not curated,,,,infection_cvterm=is_reservoir;,,
366,Burkholderia pseudomallei,Rodentia,not curated,,,,infection_cvterm=is_reservoir;,,
367,Clostridium perfringens A,Anser rossii,not curated,,,,infection_cvterm=is_reservoir;,,
368,Campylobacter jejuni,Laridae,not curated,,,,infection_cvterm=is_reservoir;,,
369,H7N7 subtype,Phocidae,not curated,,,,infection_cvterm=is_reservoir;,,
370,Influenzavirus B,Phocidae,not curated,,,,infection_cvterm=is_reservoir;,,
371,Clostridium perfringens,sewage,not curated,,,,infection_cvterm=is_reservoir;,,
372,Campylobacter jejuni,Ovis aries,not curated,,,,infection_cvterm=is_reservoir;,,
373,Campylobacter jejuni,Ovis aries,not curated,,,,infection_cvterm=is_reservoir;,,
374,Brucella abortus,Ovis aries,not curated,,,,infection_cvterm=is_reservoir;,,
375,Coxiella burnetii,Ovis aries,not curated,,,,infection_cvterm=is_reservoir;,,
376,Staphylococcus aureus,Ovis aries,not curated,,,,infection_cvterm=is_reservoir;,,
377,Listeria monocytogenes,Ovis aries,not curated,,,,infection_cvterm=is_reservoir;,,
378,Burkholderia pseudomallei,Ovis aries,not curated,,,,infection_cvterm=is_reservoir;,,
379,Brucella melitensis,Ovis aries,not curated,,,,infection_cvterm=is_reservoir;,,
380,Clostridium botulinum C,Ovis aries,not curated,,,,infection_cvterm=is_reservoir;,,
381,Clostridium botulinum D,Ovis aries,not curated,,,,infection_cvterm=is_reservoir;,,
382,Clostridium perfringens A,Ovis aries,not curated,,,,infection_cvterm=is_reservoir;,,
383,Staphylococcus aureus subsp. anaerobius,Ovis aries,not curated,,,,infection_cvterm=is_reservoir;,,
384,Clostridium perfringens C,Ovis aries,not curated,,,,infection_cvterm=is_reservoir;,,
385,Salmonella typhimurium DT104,Ovis aries,not curated,,,,infection_cvterm=is_reservoir;,,
386,Clostridium perfringens D,Ovis aries,not curated,,,,infection_cvterm=is_reservoir;,,
387,Salmonella enterica subsp. enterica serovar Typhimurium,Cervus nippon,not curated,,,,infection_cvterm=is_reservoir;,,
388,Coxiella burnetii,Cervus nippon,not curated,,,,infection_cvterm=is_reservoir;,,
389,Burkholderia pseudomallei,Cervus nippon,not curated,,,,infection_cvterm=is_reservoir;,,
390,Francisella tularensis,Mephitidae,not curated,,,,infection_cvterm=is_reservoir;,,
391,Listeria monocytogenes,Mephitidae,not curated,,,,infection_cvterm=is_reservoir;,,
392,Coxiella burnetii,Apodemus speciosus,not curated,,,,infection_cvterm=is_reservoir;,,
393,Clostridium perfringens A,Anser caerulescens,not curated,,,,infection_cvterm=is_reservoir;,,
394,Burkholderia pseudomallei,Trionychidae,not curated,,,,infection_cvterm=is_reservoir;,,
395,Campylobacter jejuni,soil,not curated,,,,infection_cvterm=is_reservoir;,,
396,Bacillus anthracis,soil,not curated,,,,infection_cvterm=is_reservoir;,,
397,Clostridium botulinum,soil,not curated,,,,infection_cvterm=is_reservoir;,,
398,Clostridium perfringens,soil,not curated,,,,infection_cvterm=is_reservoir;,,
399,Listeria monocytogenes,soil,not curated,,,,infection_cvterm=is_reservoir;,,
400,Brucella melitensis,soil,not curated,,,,infection_cvterm=is_reservoir;,,
401,Clostridium perfringens str. 13,soil,not curated,,,,infection_cvterm=is_reservoir;,,
402,Francisella tularensis,Sciuridae,not curated,,,,infection_cvterm=is_reservoir;,,
403,Yersinia pestis,Sciuridae,not curated,,,,infection_cvterm=is_reservoir;,,
404,Burkholderia pseudomallei,Cacatua galerita,not curated,,,,infection_cvterm=is_reservoir;,,
405,Burkholderia pseudomallei,surface soil,not curated,,,,infection_cvterm=is_reservoir;,,
406,Campylobacter jejuni,Sus scrofa,not curated,,,,infection_cvterm=is_reservoir;,,
407,Salmonella enterica,Sus scrofa,not curated,,,,infection_cvterm=is_reservoir;,,
408,Francisella tularensis,Ixodoidea,not curated,,,,infection_cvterm=is_reservoir;,,
409,Rickettsia conorii,Ixodoidea,not curated,,,,infection_cvterm=is_reservoir;,,
410,Rickettsia rickettsii,Ixodoidea,not curated,,,,infection_cvterm=is_reservoir;,,
411,Coxiella burnetii,Ixodoidea,not curated,,,,infection_cvterm=is_reservoir;,,
412,H5N1 subtype,Panthera tigris,not curated,,,,infection_cvterm=is_reservoir;,,
413,Burkholderia pseudomallei,Testudinidae,not curated,,,,infection_cvterm=is_reservoir;,,
414,Burkholderia pseudomallei,Dendrolagus,not curated,,,,infection_cvterm=is_reservoir;,,
415,Clostridium perfringens,Meleagris gallopavo,not curated,,,,infection_cvterm=is_reservoir;,,
416,Clostridium botulinum C,Meleagris gallopavo,not curated,,,,infection_cvterm=is_reservoir;,,
417,Salmonella typhimurium DT104,Meleagris,not curated,,,,infection_cvterm=is_reservoir;,,
418,Yersinia pestis,Rattus rattus,not curated,,,,infection_cvterm=is_reservoir;,,
419,Francisella tularensis,Arvicolinae,not curated,,,,infection_cvterm=is_reservoir;,,
420,Burkholderia pseudomallei,Macropodidae,not curated,,,,infection_cvterm=is_reservoir;,,
421,Campylobacter jejuni,water,not curated,,,,infection_cvterm=is_reservoir;,,
422,Listeria monocytogenes,water,not curated,,,,infection_cvterm=is_reservoir;,,
423,Burkholderia pseudomallei,water,not curated,,,,infection_cvterm=is_reservoir;,,
424,Brucella melitensis,water,not curated,,,,infection_cvterm=is_reservoir;,,
425,Coxiella burnetii,Bubalus bubalis,not curated,,,,infection_cvterm=is_reservoir;,,
426,Clostridium perfringens A,Bubalus bubalis,not curated,,,,infection_cvterm=is_reservoir;,,
427,Clostridium botulinum,Anatidae,not curated,,,,infection_cvterm=is_reservoir;,,
428,Clostridium botulinum C,Anatidae,not curated,,,,infection_cvterm=is_reservoir;,,
429,Clostridium perfringens A,Anatidae,not curated,,,,infection_cvterm=is_reservoir;,,
430,Listeria monocytogenes,Tetrao urogallus,not curated,,,,infection_cvterm=is_reservoir;,,
431,Influenza A virus,Cetacea,not curated,,,,infection_cvterm=is_reservoir;,,
432,Staphylococcus aureus,Cetacea,not curated,,,,infection_cvterm=is_reservoir;,,
433,Burkholderia pseudomallei,Cetacea,not curated,,,,infection_cvterm=is_reservoir;,,
434,Clostridium perfringens A,Anser albifrons,not curated,,,,infection_cvterm=is_reservoir;,,
435,Listeria monocytogenes,Sus scrofa,not curated,,,,infection_cvterm=is_reservoir;,,
436,Influenza A virus,Sus scrofa,not curated,,,,infection_cvterm=is_reservoir;,,
437,Campylobacter jejuni,Meleagris gallopavo,not curated,,,,infection_cvterm=is_reservoir;,,
438,H5N1 subtype,Meleagris gallopavo,not curated,,,,infection_cvterm=is_reservoir;,,
439,H3N2 subtype,Meleagris gallopavo,not curated,,,,infection_cvterm=is_reservoir;,,
440,H6N2 subtype,Meleagris gallopavo,not curated,,,,infection_cvterm=is_reservoir;,,
441,H7N2 subtype,Meleagris gallopavo,not curated,,,,infection_cvterm=is_reservoir;,,
442,H7N3 subtype,Meleagris gallopavo,not curated,,,,infection_cvterm=is_reservoir;,,
443,H7N1 subtype,Meleagris gallopavo,not curated,,,,infection_cvterm=is_reservoir;,,
444,H7N8 subtype,Meleagris gallopavo,not curated,,,,infection_cvterm=is_reservoir;,,
445,H7N7 subtype,Meleagris gallopavo,not curated,,,,infection_cvterm=is_reservoir;,,
446,H5N2 subtype,Meleagris gallopavo,not curated,,,,infection_cvterm=is_reservoir;,,
447,H5N3 subtype,Meleagris gallopavo,not curated,,,,infection_cvterm=is_reservoir;,,
448,H5N9 subtype,Meleagris gallopavo,not curated,,,,infection_cvterm=is_reservoir;,,
449,H5N8 subtype,Meleagris gallopavo,not curated,,,,infection_cvterm=is_reservoir;,,
450,Influenzavirus A,Meleagris gallopavo,not curated,,,,infection_cvterm=is_reservoir;,,
451,Yersinia pestis,Neotoma,not curated,,,,infection_cvterm=is_reservoir;,,
452,Bacillus anthracis,wool,not curated,,,,infection_cvterm=is_reservoir;,,
453,Burkholderia pseudomallei,Equus subg. Hippotigris,not curated,,,,infection_cvterm=is_reservoir;,,
454,Clostridium botulinum A,Bos indicus,not curated,,,,infection_cvterm=is_reservoir;,,
455,Crimean-Congo hemorrhagic fever virus,Ixodoidea,not curated,,,,URL:http://www.cdc.gov/ncidod/dvrd/spb/mnpages/dispages/Fact_Sheets/cchf.pdf;infection_cvterm=is_reservoir;,,
456,Crimean-Congo hemorrhagic fever virus,Hyalomma,not curated,,,,URL:http://www.cdc.gov/ncidod/dvrd/spb/mnpages/dispages/Fact_Sheets/cchf.pdf;infection_cvterm=is_reservoir;,,
457,Crimean-Congo hemorrhagic fever virus,Aves,not curated,,,,URL:http://www.nih.org.pk/;infection_cvterm=is_reservoir;,,
458,Crimean-Congo hemorrhagic fever virus,Lepus,not curated,,,,URL:http://www.nih.org.pk/;infection_cvterm=is_reservoir;,,
459,Crimean-Congo hemorrhagic fever virus,Hyalomma truncatum,not curated,,,,PMID:6418019;infection_cvterm=is_reservoir;,,
460,Crimean-Congo hemorrhagic fever virus,Rhipicephalus evertsi,not curated,,,,PMID:6418019;infection_cvterm=is_reservoir;,,
461,Crimean-Congo hemorrhagic fever virus,Hyalomma anatolicum excavatum,not curated,,,,PMID:9392589;infection_cvterm=is_reservoir;,,
462,Crimean-Congo hemorrhagic fever virus,Ixodes ricinus,not curated,,,,PMID:414441;URL:http://www.cdc.gov/ncidod/EID/vol8no8/01-0448.htm;infection_cvterm=is_reservoir;,,
463,Lassa virus,Mastomys,not curated,,,,PMID:10888638;infection_cvterm=is_reservoir;,,
464,Lassa virus,Mastomys natalensis,not curated,,,,PMID:15457145;infection_cvterm=is_reservoir;,,
465,Puumala virus,Myodes glareolus,not curated,,,,URL:http://www.cdc.gov/mmwr/preview/mmwrhtml/rr5109a1.htm;infection_cvterm=is_reservoir;,,
466,Seoul virus,Rattus norvegicus,not curated,,,,URL:http://www.cdc.gov/mmwr/preview/mmwrhtml/rr5109a1.htm;infection_cvterm=is_reservoir;,,
467,Dobrava-Belgrade virus,Apodemus flavicollis,not curated,,,,URL:http://www.cdc.gov/mmwr/preview/mmwrhtml/rr5109a1.htm;URL:http://www.cdc.gov/ncidod/eid/vol5no3/scharninghausen.htm;infection_cvterm=is_reservoir;,,
468,Hantaan virus,Apodemus agrarius,not curated,,,,URL:http://www.cdc.gov/mmwr/preview/mmwrhtml/rr5109a1.htm;infection_cvterm=is_reservoir;,,
469,Hantavirus,Peromyscus leucopus,not curated,,,,URL:http://www.cdc.gov/ncidod/diseases/hanta/hps/noframes/transmit.htm;infection_cvterm=is_reservoir;,,
470,New York virus,Peromyscus leucopus,not curated,,,,URL:http://www.cdc.gov/ncidod/diseases/hanta/hps/noframes/history.htm;infection_cvterm=is_reservoir;,,
471,Black Creek Canal virus,Sigmodon hispidus,not curated,,,,URL:http://www.cdc.gov/ncidod/diseases/hanta/hps/noframes/history.htm;infection_cvterm=is_reservoir;,,
472,Bayou virus,Oryzomys palustris,not curated,,,,URL:http://www.cdc.gov/ncidod/diseases/hanta/hps/noframes/history.htm;infection_cvterm=is_reservoir;,,
473,Ebola-like viruses,Hypsignathus monstrosus,not curated,,,,PMID:17069458;infection_cvterm=is_reservoir;,,
474,Ebola-like viruses,Epomops franqueti,not curated,,,,PMID:17069458;infection_cvterm=is_reservoir;,,
475,Ebola-like viruses,Myonycteris torquata,not curated,,,,PMID:17069458;infection_cvterm=is_reservoir;,,
476,Nipah virus,Pteropus,not curated,,,,PMID:16448602;URL:http://www.cdc.gov/ncidod/dvrd/spb/mnpages/dispages/nipah.htm;infection_cvterm=is_reservoir;,,
477,Machupo virus,Calomys callosus,not curated,,,,PMID:8903174;infection_cvterm=is_reservoir;,,
478,Venezuelan equine encephalitis virus,Proechimys sp.,not curated,,,,URL:http://www.cdc.gov/eid/content/13/8/pdfs/vol13no08.pdf;infection_cvterm=is_reservoir;,,
479,Venezuelan equine encephalitis virus,Sigmodon,not curated,,,,URL:http://www.cdc.gov/eid/content/13/8/pdfs/vol13no08.pdf;infection_cvterm=is_reservoir;,,
480,Venezuelan equine encephalitis virus,Rodentia,not curated,,,,URL:http://www.cdc.gov/eid/content/13/8/pdfs/vol13no08.pdf;infection_cvterm=is_reservoir;,,
481,Guanarito virus,Sigmodon alstoni,not curated,,,,PMID:10612673;infection_cvterm=is_reservoir;,,
482,Guanarito virus,Oligoryzomys fulvescens,not curated,,,,PMID:10612673;infection_cvterm=is_reservoir;,,
483,Guanarito virus,Zygodontomys brevicauda,not curated,,,,PMID:12798015;PMID:10612673;infection_cvterm=is_reservoir;,,
484,Junin virus,Calomys musculinus,not curated,,,,URL:http://pathport.vbi.vt.edu/pathinfo/pathogens/Junin_virus_2.html,,
485,Junin virus,Calomys laucha,not curated,,,,URL:http://pathport.vbi.vt.edu/pathinfo/pathogens/Junin_virus_2.html,,
486,Junin virus,Mus musculus,not curated,,,,URL:http://pathport.vbi.vt.edu/pathinfo/pathogens/Junin_virus_2.html,,
487,Junin virus,Calomys sp.,not curated,,,,URL:http://pathport.vbi.vt.edu/pathinfo/pathogens/Junin_virus_2.html,,
488,Junin virus,Akodon azarae,not curated,,,,URL:http://pathport.vbi.vt.edu/pathinfo/pathogens/Junin_virus_2.html,,
489,Lymphocytic choriomeningitis virus,Mus musculus,not curated,,,,PMID:16107785;URL:http://www.cdc.gov/ncidod/dvrd/spb/mnpages/dispages/Fact_Sheets/Lymphocytic_Choriomeningitis_Fact_Sheet.pdf;infection_cvterm=is_reservoir;,,
490,Junin virus,Oligoryzomys flavescens,not curated,,,,PMID:7542268;infection_cvterm=is_reservoir;,,
491,Venezuelan equine encephalitis virus,Sigmodon hispidus,not curated,,,,URL:http://www.cdc.gov/eid/content/13/8/pdfs/vol13no08.pdf;infection_cvterm=is_reservoir;,,
492,Kyasanur forest disease virus,Rodentia,not curated,,,,URL:http://www.phac-aspc.gc.ca/msds-ftss/msds91e.html;infection_cvterm=is_reservoir,,
493,Kyasanur forest disease virus,Soricidae,not curated,,,,URL:http://www.phac-aspc.gc.ca/msds-ftss/msds91e.html;infection_cvterm=is_reservoir,,
494,Kyasanur forest disease virus,Haplorrhini,not curated,,,,URL:http://www.phac-aspc.gc.ca/msds-ftss/msds91e.html;infection_cvterm=is_reservoir,,
495,Kyasanur forest disease virus,Aves,not curated,,,,PMID:6671795;URL:http://www.histopathology-india.net/kyasanur_forest_disease.htm;URL:http://books.google.com/books?id=VS5bqBQ9RWoC&pg=PA39&lpg=PA39&dq=reservoirs;infection_cvterm=is_reservoir,,
496,Kyasanur forest disease virus,Bos taurus,not curated,,,,PMID:6671795;URL:http://books.google.com/books?id=VS5bqBQ9RWoC&pg=PA39&lpg=PA39&dq=reservoirs;infection_cvterm=is_reservoir,,
497,Kyasanur forest disease virus,Arvicolinae ,not curated,,,,URL:http://www.mercksource.com/pp/us/cns/cns_hl_dorlands_split.jsp?pg=/ppdocs/us/common/dorlands/dorland/three/000031016.htm;infection_cvterm=is_reservoir,,
498,Japanese encephalitis virus,Sus scrofa,not curated,,,,URL:http://www.cdc.gov/ncidod/dvbid/jencephalitis/qa.htm;infection_cvterm=is_reservoir;PMID:11693888,,
499,Snowshoe hare virus,Lepus americanus,not curated,,,,PMID:5003095;infection_cvterm=is_reservoir,,
500,California encephalitis serogroup virus LEIV,Mesocricetus auratus,not curated,,,,PMID:1382758;infection_cvterm=is_reservoir,,
501,Western equine encephalomyelitis virus,Gallus gallus ,not curated,,,,PMID:18015747;URL:http://www.pubmedcentral.nih.gov/picrender.fcgi?tool=pmcentrez&artid=1531817&blobtype=pdf;infection_cvterm=is_reservoir,,
502,West Nile virus ,Culex pipiens,not curated,,,,URL:http://www.cdc.gov/mmwr/preview/mmwrhtml/mm4838a1.htm,,
503,Kunjin virus,Aves,not curated,,,,URL:http://www.health.gov.au/internet/main/publishing.nsf/Content/26BAEFA340C91D47CA256F180081F910/$File/fskunjin.pdf;infection_cvterm=is_reservoir,,
504,Brucella melitensis,Camelus dromedarius,not curated,,,,PMID:18346482;infection_cvterm=is_reservoir,,
505,SARS coronavirus,Rhinolophus pusillus,not curated,,,,PMID:17451830;infection_cvterm=is_reservoir,,
506,SARS coronavirus,Rhinolophus macrotis,no disease,,,,PMID:17451830;infection_cvterm=is_reservoir,,
507,SARS coronavirus,Rhinolophus pearsonii,no disease,,,,PMID:17451830;infection_cvterm=is_reservoir,,
508,SARS coronavirus,Rhinolophus sinicus,no disease,,,,PMID:17451830;infection_cvterm=is_reservoir,,
509,Bat SARS coronavirus Rp1,Rhinolophus pearsonii,no disease,,,,PMID:16195424;infection_cvterm=is_reservoir,PMID:16195424,
510,Bat SARS coronavirus Rp2,Rhinolophus pearsonii,no disease,,,,PMID:16195424;infection_cvterm=is_reservoir,PMID:16195424,
